,HomeTeam,AwayTeam,ELO Home,ELO Away,FTHG,FTAG,FTR,HTGS,ATGS,HTGC,ATGC,HTP,ATP,HM1,HM1Conv,HST,AST,HF,AF,HC,AC,HY,AY,HR,AR,B365H,B365D,B365A,HomeTeamLP,AwayTeamLP,MW,HTFormPtsStr,HTFormPts
0,Man United,Leicester,1600,1802,2,1,H,0,0,0,0,0,0,M,0,6,4,11,8,2,5,2,1,0,0,1.57,3.9,7.5,3,20,1,M,0
1,Bournemouth,Cardiff,1600,1600,2,0,H,0,0,0,0,0,0,M,0,4,1,11,9,7,4,1,1,0,0,1.9,3.6,4.5,18,18,1,M,0
2,Fulham,Crystal Palace,1631,1690,0,2,A,0,0,0,0,0,0,M,0,6,9,9,11,5,5,1,2,0,0,2.5,3.4,3,13,18,1,M,0
3,Huddersfield,Chelsea,1600,1885,0,3,A,0,0,0,0,0,0,M,0,1,4,9,8,2,5,2,1,0,0,6.5,4,1.61,18,6,1,M,0
4,Newcastle,Tottenham,1500,1813,1,2,A,0,0,0,0,0,0,M,0,2,5,11,12,3,5,2,2,0,0,3.9,3.5,2.04,4,9,1,M,0
5,Watford,Brighton,1600,1696,2,0,H,0,0,0,0,0,0,M,0,5,0,10,16,8,2,2,2,0,0,2.37,3.2,3.4,18,18,1,M,0
6,Wolves,Everton,1757,1759,2,2,D,0,0,0,0,0,0,M,0,4,5,8,7,3,6,0,1,0,1,2.37,3.3,3.3,18,15,1,M,0
7,Arsenal,Man City,1830,2013,0,2,A,0,0,0,0,0,0,M,0,3,8,11,14,2,9,2,2,0,0,4,3.8,1.95,1,18,1,M,0
8,Liverpool,West Ham,1910,1804,4,0,H,0,0,0,0,0,0,M,0,8,2,14,9,5,4,1,2,0,0,1.25,6.5,14,2,7,1,M,0
9,Southampton,Burnley,1693,1711,0,0,D,0,0,0,0,0,0,M,0,3,6,10,9,8,5,0,1,0,0,1.85,3.5,5,11,18,1,M,0
10,Cardiff,Newcastle,1600,1500,0,0,D,0,1,2,2,0,0,L,0,1,6,14,16,5,5,2,2,0,1,3.25,3.1,2.54,18,4,2,L,0
11,Chelsea,Arsenal,1885,1830,3,2,H,3,0,0,2,3,0,W,5,11,6,12,9,5,1,0,2,0,0,1.8,4,4.5,6,1,2,W,5
12,Everton,Southampton,1759,1693,2,1,H,2,0,2,0,1,1,D,3,7,4,8,20,2,5,0,5,0,0,1.9,3.5,4.75,15,11,2,D,3
13,Leicester,Wolves,1802,1757,2,0,H,1,2,2,2,0,1,L,0,2,3,10,8,1,9,2,1,1,0,2.04,3.5,3.9,20,18,2,L,0
14,Tottenham,Fulham,1813,1631,3,1,H,2,0,1,2,3,0,W,5,11,3,9,5,5,2,0,0,0,0,1.28,6,12,9,13,2,W,5
15,West Ham,Bournemouth,1804,1600,1,2,A,0,2,4,0,0,3,L,0,5,5,14,10,6,4,6,2,0,0,2.1,3.6,3.7,7,18,2,L,0
16,Brighton,Man United,1696,1600,3,2,H,0,2,2,1,0,3,L,0,3,3,16,13,3,5,1,1,0,0,5.5,3.6,1.75,18,3,2,L,0
17,Burnley,Watford,1711,1600,1,3,A,0,2,0,0,1,3,D,3,3,6,8,19,5,2,1,2,0,0,2.45,3.1,3.4,18,18,2,D,3
18,Man City,Huddersfield,2013,1600,6,1,H,2,0,0,3,3,0,W,5,14,1,9,4,10,3,0,2,0,0,1.1,13,26,18,18,2,W,5
19,Crystal Palace,Liverpool,1690,1910,0,2,A,2,4,0,0,3,3,W,5,2,6,6,13,6,7,1,1,1,0,7,5,1.44,18,2,2,W,5
20,Arsenal,West Ham,1830,1804,3,1,H,2,1,5,6,0,0,L,0,10,5,16,13,10,2,1,3,0,0,1.36,5.5,9,1,7,3,L,0
21,Bournemouth,Everton,1600,1759,2,2,D,4,4,1,3,6,4,W,5,5,3,12,10,6,2,0,3,1,1,2.62,3.6,2.75,18,15,3,W,5
22,Huddersfield,Cardiff,1600,1600,0,0,D,1,0,9,2,0,1,L,0,1,4,8,10,7,7,0,1,1,0,2.37,3,3.7,18,18,3,L,0
23,Liverpool,Brighton,1910,1696,1,0,H,6,3,0,4,6,3,W,5,8,2,8,14,8,5,1,1,0,0,1.16,8.5,19,2,18,3,W,5
24,Southampton,Leicester,1693,1802,1,2,A,1,3,2,2,1,3,L,0,5,5,13,11,10,3,1,1,1,0,2.45,3.2,3.25,11,20,3,L,0
25,Wolves,Man City,1757,2013,1,1,D,2,8,4,1,1,6,L,0,2,6,13,8,5,9,1,2,0,0,11,6.5,1.28,18,18,3,L,0
26,Fulham,Burnley,1631,1711,4,2,H,1,1,5,3,0,1,L,0,12,2,11,8,6,4,2,1,0,0,2,3.4,4.33,13,18,3,L,0
27,Newcastle,Chelsea,1500,1885,1,2,A,1,6,2,2,1,6,D,3,2,3,16,8,4,5,3,1,0,0,5.75,4,1.66,4,6,3,D,3
28,Watford,Crystal Palace,1600,1690,2,1,H,5,2,1,2,6,3,W,5,5,3,14,11,6,3,4,2,0,0,2.6,3.25,3,18,18,3,W,5
29,Man United,Tottenham,1600,1813,0,3,A,4,5,4,2,3,6,L,0,5,5,11,16,5,2,2,4,0,0,2.62,3.3,2.9,3,9,3,L,0
30,Brighton,Fulham,1696,1631,2,2,D,3,5,5,7,3,3,L,0,5,5,12,14,7,1,3,3,0,0,2.3,3.4,3.4,18,13,4,L,0
31,Chelsea,Bournemouth,1885,1600,2,0,H,8,6,3,3,9,7,W,5,6,1,10,7,7,6,2,2,0,0,1.3,6,11,6,18,4,W,5
32,Crystal Palace,Southampton,1690,1693,0,2,A,3,2,4,4,3,1,L,0,6,6,11,12,7,4,1,1,0,0,2,3.5,4.2,18,11,4,L,0
33,Everton,Huddersfield,1759,1600,1,1,D,6,1,5,9,5,1,D,3,1,6,13,14,4,3,3,3,0,0,1.53,4.2,7.5,15,18,4,D,3
34,Leicester,Liverpool,1802,1910,1,2,A,5,7,3,0,6,9,W,5,5,4,9,12,4,4,3,2,0,0,7.5,5,1.44,20,2,4,W,5
35,Man City,Newcastle,2013,1500,2,1,H,9,2,2,4,7,1,D,3,8,2,5,13,4,0,0,0,0,0,1.11,11,26,18,4,4,D,3
36,West Ham,Wolves,1804,1757,0,1,A,2,3,9,5,0,2,L,0,3,6,10,11,4,4,2,1,0,0,2.6,3.4,2.87,7,18,4,L,0
37,Burnley,Man United,1711,1600,0,2,A,3,4,7,7,1,3,L,0,2,9,7,13,2,5,2,3,0,1,6,3.75,1.7,18,3,4,L,0
38,Cardiff,Arsenal,1600,1830,2,3,A,0,5,2,6,2,3,D,3,3,11,12,14,3,9,3,4,0,0,6.5,4.33,1.57,18,1,4,D,3
39,Watford,Tottenham,1600,1813,2,1,H,7,8,2,2,9,9,W,5,3,2,9,8,3,10,2,1,0,0,5.5,4.2,1.64,18,9,4,W,5
40,Bournemouth,Leicester,1600,1802,4,2,H,6,6,5,5,7,6,L,0,5,8,13,15,4,6,3,2,0,1,2.45,3.5,3,18,20,5,L,0
41,Chelsea,Cardiff,1885,1600,4,1,H,10,2,3,5,12,2,W,5,7,2,8,10,5,4,0,0,0,0,1.18,8,19,6,18,5,W,5
42,Huddersfield,Crystal Palace,1600,1690,0,1,A,2,3,10,6,2,3,D,3,2,2,11,17,5,3,1,2,0,0,3.3,3.1,2.5,18,18,5,D,3
43,Man City,Fulham,2013,1631,3,0,H,11,7,3,9,10,4,W,5,9,3,7,7,10,4,0,0,0,0,1.12,10,26,18,13,5,W,5
44,Newcastle,Arsenal,1500,1830,1,2,A,3,8,6,8,1,6,L,0,2,2,13,11,10,4,0,0,0,0,4.2,3.8,1.9,4,1,5,L,0
45,Tottenham,Liverpool,1813,1910,1,2,A,9,9,4,1,9,12,L,0,3,10,17,16,5,4,0,0,0,0,3,3.6,2.4,9,2,5,L,0
46,Watford,Man United,1600,1600,1,2,A,9,6,3,7,12,6,W,5,5,6,9,11,6,8,2,1,0,1,4.33,3.6,1.95,18,3,5,W,5
47,Everton,West Ham,1759,1804,1,3,A,7,2,6,10,6,0,D,3,4,4,15,12,4,2,2,5,0,0,2,3.75,3.9,15,7,5,D,3
48,Wolves,Burnley,1757,1711,1,0,H,4,3,5,9,5,1,W,5,7,2,10,9,8,2,2,4,0,0,1.75,3.6,5.75,18,18,5,W,5
49,Southampton,Brighton,1693,1696,2,2,D,4,5,4,7,4,4,W,5,5,4,10,13,1,4,2,3,0,0,2.1,3.4,3.9,11,18,5,W,5
50,Brighton,Tottenham,1696,1813,1,2,A,7,10,9,6,5,9,D,3,4,7,15,9,5,7,2,1,0,0,5,4,1.75,18,9,6,D,3
51,Burnley,Bournemouth,1711,1600,4,0,H,3,10,10,7,1,10,L,0,5,5,17,6,3,8,2,0,0,0,3,3.4,2.5,18,18,6,L,0
52,Cardiff,Man City,1600,2013,0,5,A,3,14,9,3,2,13,L,0,2,10,6,4,1,9,1,1,0,0,23,8,1.16,18,18,6,L,0
53,Crystal Palace,Newcastle,1690,1500,0,0,D,4,4,6,8,6,1,W,5,4,3,8,11,9,5,1,1,0,0,2.14,3.4,3.75,18,4,6,W,5
54,Fulham,Watford,1631,1600,1,1,D,7,10,12,5,4,12,L,0,3,6,11,9,8,8,2,1,0,0,2.54,3.5,2.9,13,18,6,L,0
55,Leicester,Huddersfield,1802,1600,3,1,H,8,2,9,11,6,2,L,0,8,2,10,16,3,1,2,1,0,0,1.61,4,6.5,20,18,6,L,0
56,Liverpool,Southampton,1910,1693,3,0,H,11,6,2,6,15,5,W,5,4,1,7,10,5,4,0,2,0,0,1.2,7.5,17,2,11,6,W,5
57,Man United,Wolves,1600,1757,1,1,D,8,5,8,5,9,8,W,5,6,8,5,17,5,4,1,1,0,0,1.57,4.33,6.5,3,18,6,W,5
58,Arsenal,Everton,1830,1759,2,0,H,10,8,9,9,9,6,W,5,5,6,17,12,5,9,2,1,0,0,1.44,5,7.5,1,15,6,W,5
59,West Ham,Chelsea,1804,1885,0,0,D,5,14,11,4,3,15,W,5,1,6,11,9,1,8,2,1,0,0,6,4.5,1.57,7,6,6,W,5
60,Arsenal,Watford,1830,1600,2,0,H,12,11,9,6,12,13,W,5,2,4,11,17,6,6,2,2,0,0,1.44,5.1,7,1,18,7,W,5
61,Chelsea,Liverpool,1885,1910,1,1,D,14,14,4,2,16,18,D,3,4,6,7,9,4,4,0,2,0,0,2.8,3.6,2.54,6,2,7,D,3
62,Everton,Fulham,1759,1631,3,0,H,8,8,11,13,6,5,L,0,6,0,13,13,12,1,0,3,0,0,1.75,4.2,4.75,15,13,7,L,0
63,Huddersfield,Tottenham,1600,1813,0,2,A,3,12,14,7,2,12,L,0,5,6,17,16,3,0,2,2,0,0,8.5,4.5,1.44,18,9,7,L,0
64,Man City,Brighton,2013,1696,2,0,H,19,8,3,11,16,5,W,5,8,1,4,10,10,3,0,3,0,0,1.1,12,34,18,18,7,W,5
65,Newcastle,Leicester,1500,1802,0,2,A,4,11,8,10,2,9,D,3,1,5,11,5,5,9,0,0,0,0,2.6,3.3,3,4,20,7,D,3
66,West Ham,Man United,1804,1600,3,1,H,5,9,11,9,4,10,D,3,3,4,12,12,4,9,0,1,0,0,4.5,3.8,1.85,7,3,7,D,3
67,Wolves,Southampton,1757,1693,2,0,H,6,6,6,9,9,5,D,3,6,6,11,7,8,6,3,1,0,0,1.8,3.6,5.25,18,11,7,D,3
68,Cardiff,Burnley,1600,1711,1,2,A,3,7,14,10,2,4,L,0,5,2,11,15,10,2,1,3,0,0,2.62,3,3.2,18,18,7,L,0
69,Bournemouth,Crystal Palace,1600,1690,2,1,H,10,4,11,6,10,7,L,0,5,2,9,12,3,3,3,4,0,0,2.25,3.5,3.4,18,18,7,L,0
70,Brighton,West Ham,1696,1804,1,0,H,8,8,13,12,5,7,L,0,4,4,12,8,2,9,3,2,0,0,2.7,3.3,2.87,18,7,8,L,0
71,Burnley,Huddersfield,1711,1600,1,1,D,9,3,11,16,7,2,W,5,3,2,8,11,1,10,2,2,0,0,2.14,3.1,4.2,18,18,8,W,5
72,Crystal Palace,Wolves,1690,1757,0,1,A,5,8,8,6,7,12,L,0,4,2,11,13,6,3,3,4,0,0,3,3.2,2.62,18,18,8,L,0
73,Leicester,Everton,1802,1759,1,2,A,13,11,10,11,12,9,W,5,2,8,10,11,2,10,2,1,1,0,2.2,3.4,3.6,20,15,8,W,5
74,Man United,Newcastle,1600,1500,3,2,H,10,4,12,10,10,2,L,0,10,8,16,8,10,6,2,2,0,0,1.44,4.5,9,3,4,8,L,0
75,Tottenham,Cardiff,1813,1600,1,0,H,14,4,7,16,15,2,W,5,7,6,7,11,6,2,2,1,0,1,1.22,7,15,9,18,8,W,5
76,Watford,Bournemouth,1600,1600,0,4,A,11,12,8,12,13,13,L,0,2,7,11,9,10,7,3,1,1,0,2.14,3.6,3.5,18,18,8,L,0
77,Fulham,Arsenal,1631,1830,1,5,A,8,14,16,9,5,15,L,0,4,7,11,12,4,2,2,0,0,0,5.25,4.33,1.66,13,1,8,L,0
78,Liverpool,Man City,1910,2013,0,0,D,15,21,3,3,19,19,D,3,2,2,10,10,2,6,1,3,0,0,2.54,3.6,2.8,2,18,8,D,3
79,Southampton,Chelsea,1693,1885,0,3,A,6,15,11,5,5,17,L,0,6,6,13,11,4,12,6,0,0,0,6,4.1,1.61,11,6,8,L,0
80,Bournemouth,Southampton,1600,1693,0,0,D,16,6,12,14,16,5,W,5,2,4,10,14,6,4,1,2,0,0,2.04,3.7,3.75,18,11,9,W,5
81,Cardiff,Fulham,1600,1631,4,2,H,4,9,17,21,2,5,L,0,5,4,15,16,4,4,3,3,0,0,2.5,3.5,2.95,18,13,9,L,0
82,Chelsea,Man United,1885,1600,2,2,D,18,13,5,14,20,13,W,5,6,4,9,17,5,3,2,5,0,0,1.75,3.8,5.25,6,3,9,W,5
83,Huddersfield,Liverpool,1600,1910,0,1,A,4,15,17,3,3,20,D,3,1,2,9,6,2,4,0,2,0,0,11,5.5,1.33,18,2,9,D,3
84,Man City,Burnley,2013,1711,5,0,H,21,10,3,12,20,8,D,3,10,0,11,5,10,1,2,2,0,0,1.08,13,34,18,18,9,D,3
85,Newcastle,Brighton,1500,1696,0,1,A,6,9,13,13,2,8,L,0,6,2,13,17,10,2,0,2,0,0,2.2,3.25,3.8,4,18,9,L,0
86,West Ham,Tottenham,1804,1813,0,1,A,8,15,13,7,7,18,L,0,4,2,8,10,10,6,3,0,0,0,4.1,3.9,1.9,7,9,9,L,0
87,Wolves,Watford,1757,1600,0,2,A,9,11,6,12,15,13,W,5,1,3,23,13,8,2,3,1,0,0,1.75,3.75,5.25,18,18,9,W,5
88,Everton,Crystal Palace,1759,1690,2,0,H,13,5,12,9,12,7,W,5,4,3,13,17,10,5,2,1,0,0,1.85,3.6,4.75,15,18,9,W,5
89,Arsenal,Leicester,1830,1802,3,1,H,19,14,10,12,18,12,W,5,6,2,10,10,6,4,2,2,0,0,1.53,4.5,6.5,1,20,9,W,5
90,Brighton,Wolves,1696,1757,1,0,H,10,9,13,8,11,15,W,5,1,7,11,8,1,10,3,0,0,0,3.2,3.2,2.5,18,18,10,W,5
91,Fulham,Bournemouth,1631,1600,0,3,A,11,16,25,12,5,17,L,0,1,5,16,3,5,5,2,1,1,0,2.9,3.75,2.4,13,18,10,L,0
92,Leicester,West Ham,1802,1804,1,1,D,15,8,15,14,12,7,L,0,7,3,17,5,8,0,1,1,0,1,2.1,3.5,3.8,20,7,10,L,0
93,Liverpool,Cardiff,1910,1600,4,1,H,16,8,3,19,23,5,W,5,7,1,6,4,8,0,0,0,0,0,1.11,11,26,2,18,10,W,5
94,Southampton,Newcastle,1693,1500,0,0,D,6,6,14,14,6,2,D,3,4,0,9,12,7,2,0,1,0,0,2.1,3.4,3.9,11,4,10,D,3
95,Watford,Huddersfield,1600,1600,3,0,H,13,4,12,18,16,3,W,5,6,7,9,13,3,3,1,2,0,0,1.75,3.75,5.25,18,18,10,W,5
96,Burnley,Chelsea,1711,1885,0,4,A,10,20,17,7,8,21,L,0,1,8,14,10,4,4,4,2,0,0,11,5,1.36,18,6,10,L,0
97,Crystal Palace,Arsenal,1690,1830,2,2,D,5,22,11,11,7,21,L,0,3,2,10,16,6,4,1,2,0,0,4.75,4.1,1.75,18,1,10,L,0
98,Man United,Everton,1600,1759,2,1,H,15,15,16,12,14,15,D,3,10,6,15,12,8,4,2,1,0,0,1.72,3.9,5.25,3,15,10,D,3
99,Tottenham,Man City,1813,2013,0,1,A,16,26,7,3,21,23,W,5,1,6,13,13,3,6,2,2,0,0,4.75,4.1,1.75,9,18,10,W,5
100,Arsenal,Liverpool,1830,1910,1,1,D,24,20,13,4,22,26,D,3,4,4,7,7,5,8,1,1,0,0,3.9,3.9,1.95,1,2,11,D,3
101,Bournemouth,Man United,1600,1600,1,2,A,19,17,12,17,20,17,W,5,7,8,12,12,9,5,4,3,0,0,3.6,3.7,2.1,18,3,11,W,5
102,Cardiff,Leicester,1600,1802,0,1,A,9,16,23,16,5,13,L,0,2,5,13,12,6,12,2,2,0,0,3.8,3.4,2.14,18,20,11,L,0
103,Everton,Brighton,1759,1696,3,1,H,16,11,14,13,15,14,L,0,3,3,9,17,6,4,0,1,0,0,1.61,4,6.5,15,18,11,L,0
104,Newcastle,Watford,1500,1600,1,0,H,6,16,14,12,3,19,D,3,2,1,12,11,8,9,1,5,0,0,2.75,3.25,2.8,4,18,11,D,3
105,West Ham,Burnley,1804,1711,4,2,H,9,10,15,21,8,8,D,3,10,3,7,9,10,4,1,4,0,0,1.75,3.75,5.25,7,18,11,D,3
106,Wolves,Tottenham,1757,1813,2,3,A,9,16,9,8,15,21,L,0,7,8,11,8,5,1,1,2,0,0,3.1,3.4,2.45,18,9,11,L,0
107,Chelsea,Crystal Palace,1885,1690,3,1,H,24,7,7,13,24,8,W,5,6,2,6,13,4,2,0,1,0,0,1.25,6.75,13,6,18,11,W,5
108,Man City,Southampton,2013,1693,6,1,H,27,6,3,14,26,7,W,5,8,6,14,9,4,4,1,1,0,0,1.11,11,29,18,11,11,W,5
109,Huddersfield,Fulham,1600,1631,1,0,H,4,11,21,28,3,5,L,0,2,1,11,8,5,4,1,2,0,0,2.3,3.5,3.3,18,13,11,L,0
110,Cardiff,Brighton,1600,1696,2,1,H,9,12,24,16,5,14,L,0,6,3,7,21,4,1,2,1,0,1,2.6,3.1,3.1,18,18,12,L,0
111,Crystal Palace,Tottenham,1690,1813,0,1,A,8,19,16,10,8,24,L,0,4,2,12,9,10,6,1,1,0,0,4.5,3.75,1.85,18,9,12,L,0
112,Huddersfield,West Ham,1600,1804,1,1,D,5,13,21,17,6,11,W,5,7,5,9,8,5,6,1,1,0,0,3.4,3.25,2.35,18,7,12,W,5
113,Leicester,Burnley,1802,1711,0,0,D,17,12,16,25,16,8,W,5,5,1,13,10,12,1,2,0,0,0,1.5,4.33,8,20,18,12,W,5
114,Newcastle,Bournemouth,1500,1600,2,1,H,7,20,14,14,6,20,W,5,6,4,9,11,7,10,2,1,0,0,2.9,3.4,2.6,4,18,12,W,5
115,Southampton,Watford,1693,1600,1,1,D,7,16,20,13,7,19,L,0,4,6,13,13,7,6,3,2,0,0,2.5,3.3,3.1,11,18,12,L,0
116,Arsenal,Wolves,1830,1757,1,1,D,25,11,14,12,23,15,D,3,3,5,9,16,11,2,2,2,0,0,1.66,4.2,5.25,1,18,12,D,3
117,Chelsea,Everton,1885,1759,0,0,D,27,19,8,15,27,18,W,5,4,1,7,11,5,5,4,3,0,0,1.4,5.25,8.5,6,15,12,W,5
118,Liverpool,Fulham,1910,1631,2,0,H,21,11,5,29,27,5,D,3,7,3,11,9,6,3,1,1,0,0,1.11,11,26,2,13,12,D,3
119,Man City,Man United,2013,1600,3,1,H,33,19,4,18,29,20,W,5,5,1,12,12,5,1,1,1,0,0,1.4,5.25,8.5,18,3,12,W,5
120,Brighton,Leicester,1696,1802,1,1,D,13,17,18,16,14,17,L,0,3,3,10,7,6,1,3,1,0,1,2.9,3.4,2.6,18,20,13,L,0
121,Everton,Cardiff,1759,1600,1,0,H,19,11,15,25,19,8,D,3,8,1,12,13,7,3,0,3,0,0,1.4,5,9,15,18,13,D,3
122,Fulham,Southampton,1631,1693,3,2,H,11,8,31,21,5,8,L,0,5,8,10,6,2,5,2,3,0,0,2.62,3.5,2.8,13,11,13,L,0
123,Man United,Crystal Palace,1600,1690,0,0,D,20,8,21,17,20,8,L,0,5,2,13,12,10,3,1,2,0,0,1.4,5.25,8,3,18,13,L,0
124,Tottenham,Chelsea,1813,1885,3,1,H,20,27,10,8,27,28,W,5,9,2,19,12,4,4,0,3,0,0,2.8,3.5,2.6,9,6,13,W,5
125,Watford,Liverpool,1600,1910,0,3,A,17,23,14,5,20,30,D,3,1,7,12,13,5,5,0,0,0,1,6.5,4.33,1.55,18,2,13,D,3
126,West Ham,Man City,1804,2013,0,4,A,14,36,18,5,12,32,D,3,1,6,6,3,8,1,0,0,0,0,13,6.5,1.25,7,18,13,D,3
127,Bournemouth,Arsenal,1600,1830,1,2,A,21,26,16,15,20,24,L,0,5,4,6,9,5,8,2,1,0,0,3.5,3.75,1.95,18,1,13,L,0
128,Wolves,Huddersfield,1757,1600,0,2,A,12,6,13,22,16,7,D,3,3,6,9,8,3,5,1,2,0,0,1.5,4.33,8,18,18,13,D,3
129,Burnley,Newcastle,1711,1500,1,2,A,12,9,25,15,9,9,D,3,4,3,6,11,5,5,0,1,0,0,2.9,3.2,2.75,18,4,13,D,3
130,Cardiff,Wolves,1600,1757,2,1,H,11,12,26,15,8,16,L,0,3,4,3,12,7,6,1,2,0,0,3.8,3.25,2.2,18,18,14,L,0
131,Crystal Palace,Burnley,1690,1711,2,0,H,8,13,17,27,9,9,D,3,9,0,9,10,10,2,1,1,0,0,1.61,3.9,6.5,18,18,14,D,3
132,Huddersfield,Brighton,1600,1696,1,2,A,8,14,22,19,10,15,W,5,2,6,10,12,2,6,0,2,1,0,2.5,3,3.4,18,18,14,W,5
133,Leicester,Watford,1802,1600,2,0,H,18,17,17,17,18,20,D,3,3,0,7,6,4,8,2,1,0,1,2.25,3.3,3.6,20,18,14,D,3
134,Man City,Bournemouth,2013,1600,3,1,H,40,22,5,18,35,20,W,5,6,1,9,3,8,4,0,0,0,0,1.11,11,26,18,18,14,W,5
135,Newcastle,West Ham,1500,1804,0,3,A,11,14,16,22,12,12,W,5,4,4,10,10,7,3,3,3,0,0,2.5,3.3,3.1,4,7,14,W,5
136,Southampton,Man United,1693,1600,2,2,D,10,20,24,21,8,21,L,0,6,5,12,13,3,5,4,4,0,0,4.33,3.6,1.95,11,3,14,L,0
137,Arsenal,Tottenham,1830,1813,4,2,H,28,23,16,11,27,30,W,5,7,6,15,17,8,5,3,3,0,1,2.62,3.6,2.75,1,9,14,W,5
138,Chelsea,Fulham,1885,1631,2,0,H,28,14,11,33,28,8,L,0,9,4,8,17,4,6,2,1,0,0,1.18,8,17,6,13,14,L,0
139,Liverpool,Everton,1910,1759,1,0,H,26,20,5,15,33,22,W,5,3,3,12,7,8,1,3,2,0,0,1.4,5,9,2,15,14,W,5
140,Bournemouth,Huddersfield,1600,1600,2,1,H,23,9,21,24,20,10,L,0,2,6,14,11,4,8,4,2,0,0,1.66,3.8,6,18,18,15,L,0
141,Brighton,Crystal Palace,1696,1690,3,1,H,16,10,20,17,18,12,W,5,3,5,14,12,4,5,2,3,1,0,3,3.1,2.7,18,18,15,W,5
142,Watford,Man City,1600,2013,1,2,A,17,43,19,6,20,38,L,0,7,7,4,8,3,11,0,1,0,0,11,6,1.3,18,18,15,L,0
143,West Ham,Cardiff,1804,1600,3,1,H,17,13,22,27,15,11,W,5,11,5,10,10,10,4,1,2,0,0,1.66,4,5.75,7,18,15,W,5
144,Burnley,Liverpool,1711,1910,1,3,A,13,27,29,5,9,36,L,0,6,12,10,3,5,9,1,0,0,0,14,5.75,1.28,18,2,15,L,0
145,Everton,Newcastle,1759,1500,1,1,D,20,11,16,19,22,12,L,0,3,5,7,18,14,2,0,5,0,0,1.6,4,6.5,15,4,15,L,0
146,Fulham,Leicester,1631,1802,1,1,D,14,20,35,17,8,21,L,0,7,5,12,7,10,8,0,0,0,0,3,3.5,2.45,13,20,15,L,0
147,Man United,Arsenal,1600,1830,2,2,D,22,32,23,18,22,30,D,3,7,4,13,10,4,4,3,3,0,0,2.45,3.5,3,3,1,15,D,3
148,Tottenham,Southampton,1813,1693,3,1,H,25,12,15,26,30,9,L,0,8,5,7,5,8,6,0,0,0,0,1.36,5.25,9.5,9,11,15,L,0
149,Wolves,Chelsea,1757,1885,2,1,H,13,30,17,11,16,31,L,0,2,3,18,10,1,5,4,4,0,0,5,3.75,1.8,18,6,15,L,0
150,Arsenal,Huddersfield,1830,1600,1,0,H,34,10,20,26,31,10,D,3,2,0,13,20,7,1,5,4,0,0,1.28,6,12,1,18,16,D,3
151,Bournemouth,Liverpool,1600,1910,0,4,A,25,30,22,6,23,39,W,5,2,4,9,11,6,6,2,1,0,0,5.75,4.5,1.6,18,2,16,W,5
152,Burnley,Brighton,1711,1696,1,0,H,14,19,32,21,9,21,L,0,4,1,11,11,2,7,2,0,0,0,2.9,3.2,2.75,18,18,16,L,0
153,Cardiff,Southampton,1600,1693,1,0,H,14,13,30,29,11,9,L,0,4,1,9,10,7,7,2,2,0,0,2.9,3.25,2.7,18,11,16,L,0
154,Chelsea,Man City,1885,2013,2,0,H,31,45,13,7,31,41,L,0,5,4,12,11,1,13,2,0,0,0,4,3.8,1.95,6,18,16,L,0
155,Leicester,Tottenham,1802,1813,0,2,A,21,28,18,16,22,33,D,3,3,2,12,7,6,5,3,1,0,0,3.8,3.75,2,20,9,16,D,3
156,Man United,Fulham,1600,1631,4,1,H,24,15,25,36,23,9,D,3,11,4,11,15,10,3,1,1,0,1,1.33,5.75,10,3,13,16,D,3
157,West Ham,Crystal Palace,1804,1690,3,2,H,20,11,23,20,18,12,W,5,6,4,10,8,5,3,1,2,0,0,2.3,3.4,3.4,7,18,16,W,5
158,Newcastle,Wolves,1500,1757,1,2,A,12,15,20,18,13,19,D,3,4,6,10,17,4,6,2,5,1,0,2.9,3.2,2.7,4,18,16,D,3
159,Everton,Watford,1759,1600,2,2,D,21,18,17,21,23,20,D,3,5,3,13,13,6,6,1,1,0,0,1.8,3.75,5,15,18,16,D,3
160,Crystal Palace,Leicester,1690,1802,1,0,H,13,21,23,20,12,22,L,0,1,2,10,8,4,4,2,1,0,0,2.62,3.2,3,18,20,17,L,0
161,Fulham,West Ham,1631,1804,0,2,A,16,23,40,25,9,21,L,0,4,3,14,10,6,4,2,1,0,0,2.9,3.6,2.5,13,7,17,L,0
162,Huddersfield,Newcastle,1600,1500,0,1,A,10,13,27,22,10,13,L,0,5,5,5,13,10,1,1,1,0,0,2.6,3.1,3.1,18,4,17,L,0
163,Man City,Everton,2013,1759,3,1,H,45,23,9,19,41,24,L,0,5,2,7,9,6,2,1,2,0,0,1.22,7.5,13,18,15,17,L,0
164,Tottenham,Burnley,1813,1711,1,0,H,30,15,16,32,36,12,W,5,3,0,7,8,8,3,0,2,0,0,1.18,8,19,9,18,17,W,5
165,Watford,Cardiff,1600,1600,3,2,H,20,15,23,30,21,14,D,3,8,3,7,5,5,0,0,0,0,0,1.64,3.9,6,18,18,17,D,3
166,Wolves,Bournemouth,1757,1600,2,0,H,17,25,19,26,22,23,W,5,3,3,15,7,5,3,1,2,0,0,1.95,3.6,4.33,18,18,17,W,5
167,Brighton,Chelsea,1696,1885,1,2,A,19,33,22,13,21,34,L,0,2,3,14,6,4,1,2,2,0,0,7.5,4.5,1.5,18,6,17,L,0
168,Liverpool,Man United,1910,1600,3,1,H,34,28,6,26,42,26,W,5,11,2,6,14,13,2,0,2,0,0,1.57,4.5,6,2,3,17,W,5
169,Southampton,Arsenal,1693,1830,3,2,H,13,35,30,20,9,34,L,0,7,4,12,10,4,5,3,1,0,0,4.1,3.9,1.9,11,1,17,L,0
170,Wolves,Liverpool,1757,1910,0,2,A,19,37,19,7,25,45,W,5,5,6,7,3,1,10,0,0,0,0,7,4,1.57,18,2,18,W,5
171,Arsenal,Burnley,1830,1711,3,1,H,37,15,23,33,34,12,L,0,6,2,10,14,1,3,2,5,0,0,1.25,6.5,15,1,18,18,L,0
172,Bournemouth,Brighton,1600,1696,2,0,H,25,20,28,24,23,21,L,0,3,5,8,18,6,5,2,0,0,1,1.9,3.7,4.33,18,18,18,L,0
173,Cardiff,Man United,1600,1600,1,5,A,17,29,33,29,14,26,L,0,3,9,13,13,4,7,2,1,0,0,6.5,4.2,1.57,18,3,18,L,0
174,Chelsea,Leicester,1885,1802,0,1,A,35,21,14,21,37,22,W,5,5,3,10,9,9,5,0,2,0,0,1.33,5.5,11,6,20,18,W,5
175,Huddersfield,Southampton,1600,1693,1,3,A,10,16,28,32,10,12,L,0,5,6,12,9,8,2,2,3,0,0,3.1,3.1,2.6,18,11,18,L,0
176,Man City,Crystal Palace,2013,1690,2,3,A,48,14,10,23,44,15,W,5,5,3,7,6,13,0,0,4,0,0,1.14,10,21,18,18,18,W,5
177,Newcastle,Fulham,1500,1631,0,0,D,14,16,22,42,16,9,W,5,0,2,9,12,6,0,1,2,0,0,2,3.6,4,4,13,18,W,5
178,West Ham,Watford,1804,1600,0,2,A,25,23,25,25,24,24,W,5,7,5,9,11,10,4,3,2,0,0,2.37,3.5,3.1,7,18,18,W,5
179,Everton,Tottenham,1759,1813,2,6,A,24,31,22,16,24,39,L,0,3,8,13,9,2,1,0,2,0,0,3.25,3.5,2.3,15,9,18,L,0
180,Brighton,Arsenal,1696,1830,1,1,D,20,40,26,24,21,37,L,0,3,4,10,4,4,9,2,1,0,0,5.25,3.9,1.72,18,1,19,L,0
181,Burnley,Everton,1711,1759,1,5,A,16,26,36,28,12,24,L,0,4,6,11,19,5,7,2,4,0,0,4.33,3.5,1.95,18,15,19,L,0
182,Crystal Palace,Cardiff,1690,1600,0,0,D,17,18,25,38,18,14,W,5,5,4,9,11,12,1,0,3,0,0,1.66,4,5.75,18,18,19,W,5
183,Fulham,Wolves,1631,1757,1,1,D,16,19,42,21,10,25,D,3,9,5,9,6,2,0,2,1,0,0,3.25,3.4,2.37,13,18,19,D,3
184,Leicester,Man City,1802,2013,2,1,H,22,50,21,13,25,44,W,5,5,4,5,8,3,7,2,2,0,1,9.5,5.25,1.36,20,18,19,W,5
185,Liverpool,Newcastle,1910,1500,4,0,H,39,14,7,22,48,17,W,5,8,2,7,9,10,2,0,0,0,0,1.16,8.5,19,2,4,19,W,5
186,Man United,Huddersfield,1600,1600,3,1,H,34,11,30,31,29,10,W,5,10,2,9,13,5,3,1,1,0,0,1.25,6.5,15,3,18,19,W,5
187,Tottenham,Bournemouth,1813,1600,5,0,H,37,27,18,28,42,26,W,5,7,4,4,8,3,4,2,1,0,0,1.36,5.5,9,9,18,19,W,5
188,Watford,Chelsea,1600,1885,1,2,A,25,35,25,15,27,37,W,5,2,4,15,5,3,4,1,0,0,0,5.25,3.8,1.75,18,6,19,W,5
189,Southampton,West Ham,1693,1804,1,2,A,19,25,33,27,15,24,W,5,5,5,10,3,4,5,2,0,0,0,2.3,3.5,3.3,11,7,19,W,5
190,Brighton,Everton,1696,1759,1,0,H,21,31,27,29,22,27,D,3,3,4,10,11,6,6,0,2,0,0,3.25,3.4,2.14,18,15,20,D,3
191,Fulham,Huddersfield,1631,1600,1,0,H,17,12,43,34,11,10,D,3,5,5,12,10,4,3,3,1,0,0,2,3.4,3.75,13,18,20,D,3
192,Leicester,Cardiff,1802,1600,0,1,A,24,18,22,38,28,15,W,5,7,3,14,16,10,4,0,2,0,0,1.55,4,6,20,18,20,W,5
193,Liverpool,Arsenal,1910,1830,5,1,H,43,41,7,25,51,38,W,5,10,2,8,13,5,3,1,2,0,0,1.5,4.5,5.75,2,1,20,W,5
194,Tottenham,Wolves,1813,1757,1,3,A,42,20,18,22,45,26,W,5,3,4,7,7,6,7,3,2,0,0,1.33,5,8.5,9,18,20,W,5
195,Watford,Newcastle,1600,1500,1,1,D,26,14,27,26,27,17,L,0,5,2,17,16,3,6,1,2,0,0,1.85,3.6,4,18,4,20,L,0
196,Burnley,West Ham,1711,1804,2,0,H,17,27,41,28,12,27,L,0,5,4,15,11,5,5,1,4,0,0,3.3,3.2,2.25,18,7,20,L,0
197,Crystal Palace,Chelsea,1690,1885,0,1,A,17,37,25,16,19,40,D,3,0,4,11,8,3,4,0,1,0,0,4.75,4,1.66,18,6,20,D,3
198,Man United,Bournemouth,1600,1600,4,1,H,37,27,31,33,32,26,W,5,8,3,10,7,4,5,2,0,1,0,1.33,4.75,10,3,18,20,W,5
199,Southampton,Man City,1693,2013,1,3,A,20,51,35,15,15,44,L,0,4,6,11,10,3,8,2,3,1,0,10,5.25,1.3,11,18,20,L,0
200,Arsenal,Fulham,1830,1631,4,1,H,42,18,30,43,38,14,L,0,9,4,7,12,8,3,0,1,0,0,1.33,5.75,9.5,1,13,21,L,0
201,Cardiff,Tottenham,1600,1813,0,3,A,19,43,38,21,18,45,W,5,3,4,6,6,5,3,1,0,0,0,7.5,4.5,1.5,18,9,21,W,5
202,Everton,Leicester,1759,1802,0,1,A,31,24,30,23,27,28,L,0,2,4,5,8,6,5,3,1,0,0,2,3.5,4.2,15,20,21,L,0
203,Bournemouth,Watford,1600,1600,3,3,D,28,27,37,28,26,28,L,0,12,3,9,15,4,2,1,4,0,0,2.6,3.6,2.75,18,18,21,L,0
204,Chelsea,Southampton,1885,1693,0,0,D,38,21,16,38,43,15,W,5,6,2,8,11,7,2,1,2,0,0,1.28,6.5,11,6,11,21,W,5
205,Huddersfield,Burnley,1600,1711,1,2,A,12,19,35,41,10,15,L,0,2,8,11,9,5,2,0,4,1,1,2.14,3.1,4.2,18,18,21,L,0
206,Newcastle,Man United,1500,1600,0,2,A,15,41,27,32,18,35,D,3,3,7,10,9,1,2,1,2,0,0,6,4.2,1.61,4,3,21,D,3
207,West Ham,Brighton,1804,1696,2,2,D,27,22,30,27,27,25,L,0,6,6,9,11,1,5,0,1,0,0,1.95,3.75,4,7,18,21,L,0
208,Wolves,Crystal Palace,1757,1690,0,2,A,23,17,23,26,29,19,W,5,1,4,9,7,3,10,4,1,0,0,2,3.4,4.33,18,18,21,W,5
209,Man City,Liverpool,2013,1910,2,1,H,54,48,16,8,47,54,W,5,4,5,12,7,2,1,4,2,0,0,2.04,3.8,3.6,18,2,21,W,5
210,Brighton,Liverpool,1696,1910,0,1,A,24,49,29,10,26,54,D,3,0,3,15,5,2,7,0,0,0,0,11,6,1.3,18,2,22,D,3
211,Burnley,Fulham,1711,1631,2,1,H,21,19,42,47,18,14,W,5,0,4,5,9,2,6,1,2,0,0,2.4,3.3,3.25,18,13,22,W,5
212,Cardiff,Huddersfield,1600,1600,0,0,D,19,13,41,37,18,10,L,0,0,2,12,14,3,10,3,1,0,0,2.25,3.25,3.6,18,18,22,L,0
213,Chelsea,Newcastle,1885,1500,2,1,H,38,15,16,29,44,18,D,3,6,2,6,13,8,5,1,1,0,0,1.22,7,15,6,4,22,D,3
214,Crystal Palace,Watford,1690,1600,1,2,A,19,30,26,31,22,29,W,5,6,2,11,11,7,7,1,4,0,0,2.25,3.4,3.5,18,18,22,W,5
215,Leicester,Southampton,1802,1693,1,2,A,25,21,23,38,31,16,W,5,6,3,7,9,10,3,2,1,0,1,1.95,3.5,4.33,20,11,22,W,5
216,West Ham,Arsenal,1804,1830,1,0,H,29,46,32,31,28,41,D,3,3,2,7,10,7,3,0,2,0,0,3.5,4,2.05,7,1,22,D,3
217,Everton,Bournemouth,1759,1600,2,0,H,31,31,31,40,27,27,L,0,3,7,17,8,5,9,5,0,0,0,1.75,4,4.8,15,18,22,L,0
218,Tottenham,Man United,1813,1600,0,1,A,46,43,21,32,48,38,W,5,11,8,8,8,7,4,1,2,0,0,2.05,3.7,3.75,9,3,22,W,5
219,Man City,Wolves,2013,1757,3,0,H,56,23,17,25,50,29,W,5,9,0,6,3,12,1,1,0,0,1,1.18,8,17,18,18,22,W,5
220,Arsenal,Chelsea,1830,1885,2,0,H,46,40,32,17,41,47,L,0,5,1,13,15,5,6,0,2,0,0,3.1,3.6,2.37,1,6,23,L,0
221,Bournemouth,West Ham,1600,1804,2,0,H,31,30,42,32,27,31,L,0,4,1,6,10,2,3,0,1,0,0,2.37,3.7,3,18,7,23,L,0
222,Liverpool,Crystal Palace,1910,1690,4,3,H,50,20,10,28,57,22,W,5,9,3,6,8,8,3,0,1,1,0,1.2,7.5,17,2,18,23,W,5
223,Man United,Brighton,1600,1696,2,1,H,44,24,32,30,41,26,W,5,5,3,11,11,6,5,1,0,0,0,1.3,5.75,12,3,18,23,W,5
224,Newcastle,Cardiff,1500,1600,3,0,H,16,19,31,41,18,19,L,0,6,1,11,6,7,10,0,1,0,0,1.95,3.4,4.5,4,18,23,L,0
225,Southampton,Everton,1693,1759,2,1,H,23,33,39,31,19,30,W,5,4,2,12,11,7,6,2,1,0,0,2.75,3.4,2.7,11,15,23,W,5
226,Watford,Burnley,1600,1711,0,0,D,32,23,32,43,32,21,W,5,4,3,14,9,1,7,1,2,0,0,1.65,4,5.75,18,18,23,W,5
227,Wolves,Leicester,1757,1802,4,3,H,23,26,28,25,29,31,L,0,7,6,11,10,5,9,3,3,0,0,2.37,3.2,3.4,18,20,23,L,0
228,Fulham,Tottenham,1631,1813,1,2,A,20,46,49,22,14,48,L,0,4,5,10,8,7,10,2,3,0,0,5.25,3.8,1.75,13,9,23,L,0
229,Huddersfield,Man City,1600,2013,0,3,A,13,59,37,17,11,53,D,3,2,4,10,9,1,4,2,2,0,0,21,8.5,1.16,18,18,23,D,3
230,Arsenal,Cardiff,1830,1600,2,1,H,48,19,32,44,44,19,W,5,4,2,14,12,4,7,3,3,0,0,1.22,7,15,1,18,24,W,5
231,Fulham,Brighton,1631,1696,4,2,H,21,25,51,32,14,26,L,0,7,6,10,5,10,1,2,3,0,0,2.37,3.3,3.3,13,18,24,L,0
232,Huddersfield,Everton,1600,1759,0,1,A,13,34,40,33,11,30,L,0,2,5,13,10,3,4,1,4,0,1,4,3.3,2.1,18,15,24,L,0
233,Man United,Burnley,1600,1711,2,2,D,46,23,33,43,44,22,W,5,9,4,10,9,11,3,1,3,0,0,1.28,6,12,3,18,24,W,5
234,Newcastle,Man City,1500,2013,2,1,H,19,62,31,17,21,56,W,5,2,4,9,7,1,8,2,3,0,0,19,8,1.18,4,18,24,W,5
235,Wolves,West Ham,1757,1804,3,0,H,27,30,31,34,32,31,W,5,9,0,8,10,5,1,4,1,0,0,2.1,3.5,3.75,18,7,24,W,5
236,Bournemouth,Chelsea,1600,1885,4,0,H,33,40,42,19,30,47,W,5,7,7,8,6,3,7,1,0,0,0,5.25,4.2,1.66,18,6,24,W,5
237,Liverpool,Leicester,1910,1802,1,1,D,54,29,13,29,60,31,W,5,3,2,13,6,7,1,1,3,0,0,1.22,7,15,2,20,24,W,5
238,Southampton,Crystal Palace,1693,1690,1,1,D,25,23,40,32,22,22,W,5,4,3,11,8,3,8,2,2,0,1,2.4,3.4,3.2,11,18,24,W,5
239,Tottenham,Watford,1813,1600,2,1,H,48,32,23,32,51,33,W,5,3,1,6,9,9,5,0,4,0,0,1.66,4,5.75,9,18,24,W,5
240,Brighton,Watford,1696,1600,0,0,D,27,33,36,34,26,33,L,0,4,0,15,10,7,0,1,0,0,0,2.55,3.3,3,18,18,25,L,0
241,Burnley,Southampton,1711,1693,1,1,D,25,26,45,41,23,23,D,3,6,4,10,9,4,2,3,1,0,0,2.55,3.5,2.87,18,11,25,D,3
242,Cardiff,Bournemouth,1600,1600,2,0,H,20,37,46,42,19,33,L,0,5,2,17,14,6,7,1,2,0,0,3.25,3.5,2.3,18,18,25,L,0
243,Chelsea,Huddersfield,1885,1600,5,0,H,40,13,23,41,47,11,L,0,7,2,8,5,11,2,0,0,0,0,1.2,7.5,19,6,18,25,L,0
244,Crystal Palace,Fulham,1690,1631,2,0,H,24,25,33,53,23,17,D,3,6,0,9,12,11,1,2,3,0,0,2.05,3.5,4,18,13,25,D,3
245,Everton,Wolves,1759,1757,1,3,A,35,30,33,31,33,35,W,5,4,4,12,14,3,1,3,1,0,0,2.37,3.4,3.25,15,18,25,W,5
246,Tottenham,Newcastle,1813,1500,1,0,H,50,21,24,32,54,24,W,5,4,2,6,6,6,3,0,1,0,0,1.44,4.5,9,9,4,25,W,5
247,Leicester,Man United,1802,1600,0,1,A,30,48,30,35,32,45,D,3,6,6,14,9,7,2,4,4,0,0,3.6,3.5,2.15,20,3,25,D,3
248,Man City,Arsenal,2013,1830,3,1,H,63,50,19,33,56,47,L,0,12,2,11,8,4,2,1,1,0,0,1.33,6,9,18,1,25,L,0
249,West Ham,Liverpool,1804,1910,1,1,D,30,55,37,14,31,61,L,0,2,6,9,11,2,5,1,1,0,0,8,5.25,1.4,7,2,25,L,0
250,Everton,Man City,1759,2013,0,2,A,36,66,36,20,33,59,L,0,1,4,12,6,5,6,1,1,0,0,10,6.25,1.3,15,18,26,L,0
251,Brighton,Burnley,1696,1711,1,3,A,27,26,36,46,27,24,D,3,6,5,8,7,9,3,1,1,0,0,2.05,3.3,4.2,18,18,26,D,3
252,Crystal Palace,West Ham,1690,1804,1,1,D,26,31,33,38,26,32,W,5,5,4,12,9,10,4,3,0,0,0,2.1,3.5,3.75,18,7,26,W,5
253,Fulham,Man United,1631,1600,0,3,A,25,49,55,35,17,48,L,0,3,7,14,9,5,4,3,2,0,0,5.5,4.4,1.61,13,3,26,L,0
254,Huddersfield,Arsenal,1600,1830,1,2,A,13,51,46,36,11,47,L,0,6,4,17,12,5,0,3,2,0,0,5.75,4.4,1.6,18,1,26,L,0
255,Liverpool,Bournemouth,1910,1600,3,0,H,56,37,15,44,62,33,D,3,9,2,14,6,8,5,2,2,0,0,1.22,7.5,14,2,18,26,D,3
256,Southampton,Cardiff,1693,1600,1,2,A,27,22,42,46,24,22,D,3,7,3,15,12,8,2,3,3,0,0,1.75,3.9,5,11,18,26,D,3
257,Watford,Everton,1600,1759,1,0,H,33,36,34,36,34,33,D,3,2,4,21,10,8,2,2,0,0,1,2.35,3.5,3.2,18,15,26,D,3
258,Man City,Chelsea,2013,1885,6,0,H,66,45,20,23,59,50,W,5,9,4,9,13,2,2,1,2,0,0,1.5,4.75,7,18,6,26,W,5
259,Tottenham,Leicester,1813,1802,3,1,H,51,30,24,31,57,32,W,5,5,9,11,4,2,9,3,1,0,0,1.7,3.9,5.5,9,20,26,W,5
260,Wolves,Newcastle,1757,1500,1,1,D,34,22,33,34,39,25,D,3,6,3,7,9,13,1,1,3,0,0,1.7,3.75,5.75,18,4,27,D,3
261,Cardiff,Watford,1600,1600,1,5,A,24,34,47,34,25,37,W,5,6,7,10,11,3,3,1,2,0,0,3.1,3.4,2.45,18,18,27,W,5
262,West Ham,Fulham,1804,1631,3,1,H,32,25,39,58,33,17,D,3,7,5,11,11,12,0,1,1,0,0,1.95,3.8,4,7,13,27,D,3
263,Bournemouth,Wolves,1600,1757,1,1,D,37,34,47,33,33,39,L,0,3,2,10,15,9,8,4,5,0,0,2.87,3.4,2.62,18,18,27,L,0
264,Burnley,Tottenham,1711,1813,2,1,H,29,54,47,25,27,60,W,5,4,6,9,12,7,6,1,3,0,0,5.75,3.8,1.7,18,9,27,W,5
265,Leicester,Crystal Palace,1802,1690,1,4,A,31,27,34,34,32,27,L,0,5,5,7,14,8,3,2,1,0,0,2.25,3.4,3.5,20,18,27,L,0
266,Newcastle,Huddersfield,1500,1600,2,0,H,22,14,34,48,25,11,D,3,12,1,11,7,12,0,2,0,0,1,1.83,3.5,5.25,4,18,27,D,3
267,Arsenal,Southampton,1830,1693,2,0,H,53,28,37,44,50,24,W,5,4,4,7,14,6,4,0,0,0,0,1.5,4.75,7,1,11,27,W,5
268,Man United,Liverpool,1600,1910,0,0,D,52,59,35,15,51,65,W,5,3,1,15,17,3,7,1,3,0,0,3.1,3.5,2.37,3,2,27,W,5
269,Cardiff,Everton,1600,1759,0,3,A,24,36,47,38,25,33,W,5,0,4,12,12,3,4,3,1,0,0,3.75,3.4,2.15,18,15,27,W,5
270,Huddersfield,Wolves,1600,1757,1,0,H,14,35,50,34,11,40,L,0,3,0,10,10,3,5,2,2,0,0,5,3.5,1.85,18,18,28,L,0
271,Leicester,Brighton,1802,1696,2,1,H,32,29,38,41,32,27,L,0,3,3,6,4,4,8,1,1,0,0,1.9,3.5,4.6,20,18,28,L,0
272,Newcastle,Burnley,1500,1711,2,0,H,24,31,34,48,28,30,W,5,3,2,8,8,4,7,1,3,0,0,2.15,3.3,3.9,4,18,28,W,5
273,Arsenal,Bournemouth,1830,1600,5,1,H,55,38,37,48,53,34,W,5,6,5,11,9,9,4,2,2,0,0,1.44,5,7.5,1,18,28,W,5
274,Chelsea,Tottenham,1885,1813,2,0,H,47,55,29,27,53,60,W,5,1,0,7,14,2,2,1,1,0,0,2.3,3.5,3.25,6,9,28,W,5
275,Crystal Palace,Man United,1690,1600,1,3,A,31,52,35,35,30,52,W,5,2,4,8,9,5,6,2,3,0,0,3.25,3.5,2.3,18,3,28,W,5
276,Liverpool,Watford,1910,1600,5,0,H,59,39,15,35,66,40,D,3,10,3,5,7,6,4,0,2,0,0,1.28,6,12,2,18,28,D,3
277,Man City,West Ham,2013,1804,1,0,H,74,35,20,40,65,36,W,5,7,1,2,6,12,2,0,2,0,0,1.16,9,19,18,7,28,W,5
278,Southampton,Fulham,1693,1631,2,0,H,28,26,46,61,24,17,L,0,4,4,15,13,7,4,0,1,0,0,1.9,3.7,4.33,11,13,28,L,0
279,Bournemouth,Man City,1600,2013,0,1,A,38,74,48,20,34,65,D,3,0,7,7,7,0,14,1,2,0,0,13,7.5,1.22,18,18,28,D,3
280,Brighton,Huddersfield,1696,1600,1,0,H,30,15,41,50,30,14,W,5,4,4,11,6,6,3,2,2,0,0,1.85,3.4,5.25,18,18,29,W,5
281,Burnley,Crystal Palace,1711,1690,1,3,A,31,32,50,38,30,30,L,0,4,4,9,9,8,5,1,2,0,0,2.8,3.3,2.75,18,18,29,L,0
282,Man United,Southampton,1600,1693,3,2,H,55,30,36,46,55,27,W,5,6,3,7,10,9,7,2,1,0,0,1.45,4.5,8.5,3,11,29,W,5
283,Tottenham,Arsenal,1813,1830,1,1,D,55,60,29,38,60,56,L,0,3,4,15,14,3,4,3,2,0,1,2.05,3.7,3.75,9,1,29,L,0
284,West Ham,Newcastle,1804,1500,2,0,H,35,26,41,34,36,31,L,0,4,2,8,14,1,6,3,4,0,0,2.15,3.5,3.6,7,4,29,L,0
285,Wolves,Cardiff,1757,1600,2,0,H,35,25,35,55,40,25,L,0,6,4,11,6,7,8,1,2,0,0,1.5,4.33,8,18,18,29,L,0
286,Everton,Liverpool,1759,1910,0,0,D,39,64,39,15,36,69,W,5,3,3,12,10,3,7,1,2,0,0,6,4.2,1.61,15,2,29,W,5
287,Fulham,Chelsea,1631,1885,1,2,A,26,49,63,30,17,56,L,0,5,7,11,10,5,4,2,1,0,0,6.5,4.5,1.53,13,6,29,L,0
288,Watford,Leicester,1600,1802,2,1,H,39,34,40,39,40,35,L,0,5,2,15,12,1,5,5,1,0,0,2.55,3.3,3,18,20,29,L,0
289,Cardiff,West Ham,1600,1804,2,0,H,25,35,55,41,25,36,L,0,7,2,7,12,7,5,2,1,0,0,3.6,3.5,2.15,18,7,29,L,0
290,Crystal Palace,Brighton,1690,1696,1,2,A,35,32,39,42,33,33,W,5,3,3,8,18,8,0,1,5,0,0,1.83,3.6,5,18,18,30,W,5
291,Huddersfield,Bournemouth,1600,1600,0,2,A,15,39,51,54,14,34,L,0,1,5,14,9,6,5,3,1,0,0,3.4,3.3,2.35,18,18,30,L,0
292,Leicester,Fulham,1802,1631,3,1,H,35,27,41,65,35,17,L,0,8,3,9,13,6,5,0,2,0,0,1.57,4.5,6,20,13,30,L,0
293,Man City,Watford,2013,1600,3,1,H,76,41,20,41,71,43,W,5,9,1,11,7,9,1,1,1,0,0,1.16,9,19,18,18,30,W,5
294,Newcastle,Everton,1500,1759,3,2,H,26,39,36,39,31,37,L,0,7,3,13,10,8,2,3,1,0,0,2.8,3.25,2.8,4,15,30,L,0
295,Southampton,Tottenham,1693,1813,2,1,H,32,56,49,30,27,61,L,0,4,5,16,9,1,10,4,2,0,0,4.5,3.8,1.85,11,9,30,L,0
296,Arsenal,Man United,1830,1600,2,0,H,61,58,39,38,57,58,D,3,3,4,12,18,5,2,2,2,0,0,2.4,3.6,3,1,3,30,D,3
297,Chelsea,Wolves,1885,1757,1,1,D,50,37,31,35,57,43,D,3,6,1,8,14,13,0,1,4,0,0,1.55,4.2,7,6,18,30,D,3
298,Liverpool,Burnley,1910,1711,4,2,H,64,32,15,53,70,30,D,3,5,2,4,7,7,3,2,0,0,0,1.16,8.5,21,2,18,30,D,3
299,Bournemouth,Newcastle,1600,1500,2,2,D,39,26,54,36,34,31,L,0,3,4,9,12,6,6,3,2,0,0,2.05,3.6,3.8,18,4,30,L,0
300,Burnley,Leicester,1711,1802,1,2,A,34,38,57,42,30,38,L,0,2,4,9,10,9,3,1,1,0,1,3.1,3.4,2.45,18,20,31,L,0
301,West Ham,Huddersfield,1804,1600,4,3,H,37,15,43,53,39,14,L,0,5,5,7,15,5,8,0,2,0,0,1.55,4.2,7,7,18,31,L,0
302,Everton,Chelsea,1759,1885,2,0,H,41,50,42,33,37,57,L,0,8,5,17,9,3,4,1,2,0,0,4,3.8,1.95,15,6,31,L,0
303,Fulham,Liverpool,1631,1910,1,2,A,28,68,68,17,17,73,L,0,2,6,11,7,1,10,2,1,0,0,12,7,1.25,13,2,31,L,0
304,Brighton,Southampton,1696,1693,0,1,A,32,34,43,50,33,30,L,0,1,2,8,10,6,5,1,2,0,0,2.55,3.2,3.1,18,11,31,L,0
305,Burnley,Wolves,1711,1757,2,0,H,34,38,57,36,30,44,L,0,1,1,12,10,1,5,1,1,0,0,3.2,3.25,2.45,18,18,31,L,0
306,Crystal Palace,Huddersfield,1690,1600,2,0,H,36,15,41,53,33,14,L,0,5,5,10,7,5,5,0,0,0,0,1.45,4.4,9,18,18,31,L,0
307,Fulham,Man City,1631,2013,0,2,A,28,79,68,21,17,74,L,0,0,7,4,12,0,11,2,0,0,0,21,11,1.12,13,18,31,L,0
308,Leicester,Bournemouth,1802,1600,2,0,H,38,41,42,54,38,37,W,5,4,2,6,12,6,1,0,2,0,0,1.85,3.8,4.5,20,18,31,W,5
309,Man United,Watford,1600,1600,2,1,H,58,42,40,44,58,43,L,0,5,8,14,9,3,5,1,2,0,0,1.44,4.75,8,3,18,31,L,0
310,West Ham,Everton,1804,1759,0,2,A,41,43,46,42,42,40,W,5,1,9,7,14,4,9,1,1,0,0,2.55,3.5,2.9,7,15,32,W,5
311,Cardiff,Chelsea,1600,1885,1,2,A,28,52,59,34,28,60,L,0,3,3,8,14,2,7,2,3,0,0,9,4.5,1.44,18,6,32,L,0
312,Liverpool,Tottenham,1910,1813,2,1,H,70,58,18,34,76,61,W,5,3,2,5,8,10,3,0,1,0,0,1.61,4.2,6,2,9,32,W,5
313,Arsenal,Newcastle,1830,1500,2,0,H,65,31,39,40,63,35,W,5,4,1,11,10,6,2,2,0,0,0,1.36,5.25,9.5,1,4,32,W,5
314,Watford,Fulham,1600,1631,4,1,H,43,29,46,70,43,17,L,0,7,7,12,5,6,4,3,2,0,0,1.72,4,5,18,13,32,L,0
315,Wolves,Man United,1757,1600,2,1,H,38,60,38,41,44,61,L,0,2,4,5,11,3,5,1,2,0,1,4,3.6,2,18,3,32,L,0
316,Chelsea,Brighton,1885,1696,3,0,H,52,32,34,46,60,33,W,5,4,1,5,9,7,1,0,0,0,0,1.25,6.5,15,6,18,32,W,5
317,Man City,Cardiff,2013,1600,2,0,H,81,28,21,59,77,28,W,5,11,1,3,17,7,4,0,3,0,0,1.06,17,34,18,18,32,W,5
318,Tottenham,Crystal Palace,1813,1690,2,0,H,58,38,34,41,61,36,L,0,10,1,8,5,8,2,1,0,0,0,1.45,5,7.5,9,18,32,L,0
319,Southampton,Liverpool,1693,1910,1,3,A,35,70,50,18,33,76,W,5,1,5,8,7,7,5,2,4,0,0,9,5,1.4,11,2,32,W,5
320,Bournemouth,Burnley,1600,1711,1,3,A,43,37,58,59,38,33,L,0,2,3,12,16,3,6,2,3,0,0,2.1,3.6,3.75,18,18,33,L,0
321,Huddersfield,Leicester,1600,1802,1,4,A,18,42,59,43,14,44,L,0,4,9,13,11,8,5,3,0,0,0,5,4,1.72,18,20,33,L,0
322,Newcastle,Crystal Palace,1500,1690,0,1,A,31,38,42,43,35,36,L,0,5,1,12,13,9,4,1,2,0,0,2.6,3.25,3,4,18,33,L,0
323,Everton,Arsenal,1759,1830,1,0,H,45,65,42,40,43,63,W,5,6,2,8,9,9,6,1,4,0,0,3,3.75,2.35,15,1,33,W,5
324,Chelsea,West Ham,1885,1804,2,0,H,55,41,34,48,63,42,W,5,7,2,8,7,7,4,2,1,0,0,1.33,5.75,9.5,6,7,33,W,5
325,Leicester,Newcastle,1802,1500,0,1,A,42,31,43,42,44,35,W,5,5,5,6,10,2,3,2,3,0,0,1.66,4,5.75,20,4,33,W,5
326,Brighton,Bournemouth,1696,1600,0,5,A,32,43,51,58,33,38,L,0,1,7,10,6,4,1,2,4,1,0,2.3,3.4,3.4,18,18,33,L,0
327,Burnley,Cardiff,1711,1600,2,0,H,37,28,59,61,33,28,W,5,7,2,7,10,8,4,2,3,0,0,1.9,3.6,4.5,18,18,33,W,5
328,Fulham,Everton,1631,1759,2,0,H,29,45,72,42,17,43,L,0,5,1,8,10,7,3,2,1,0,0,5,4,1.75,13,15,33,L,0
329,Man United,West Ham,1600,1804,2,1,H,61,41,43,48,61,42,L,0,4,4,14,5,3,11,1,1,0,0,1.4,5.25,8.5,3,7,33,L,0
330,Southampton,Wolves,1693,1757,3,1,H,39,41,54,42,36,47,W,5,6,2,13,8,4,9,1,3,0,0,2.6,3.25,3,11,18,34,W,5
331,Tottenham,Huddersfield,1813,1600,4,0,H,64,19,34,63,67,14,W,5,5,1,10,12,4,2,2,2,0,0,1.22,7,15,9,18,34,W,5
332,Crystal Palace,Man City,1690,2013,1,3,A,39,86,43,22,39,83,W,5,3,6,5,11,2,9,0,0,0,0,11,6,1.3,18,18,34,W,5
333,Liverpool,Chelsea,1910,1885,2,0,H,75,57,20,34,82,66,W,5,7,3,5,9,9,2,0,1,0,0,1.66,4.2,5.25,2,6,34,W,5
334,Watford,Arsenal,1600,1830,0,1,A,47,66,48,40,46,66,L,0,3,6,12,8,6,4,2,0,1,0,3.2,3.75,2.25,18,1,34,L,0
335,Brighton,Cardiff,1696,1600,0,2,A,32,28,53,63,33,28,L,0,2,3,11,13,5,4,0,1,0,0,2,3.3,4.5,18,18,34,L,0
336,Bournemouth,Fulham,1600,1631,0,1,A,44,30,61,76,38,17,L,0,5,5,11,18,3,7,1,3,0,0,1.65,4.4,5.25,18,13,34,L,0
337,Huddersfield,Watford,1600,1600,1,2,A,19,47,63,48,14,46,L,0,3,6,15,9,2,2,2,2,0,0,4.4,3.9,1.85,18,18,34,L,0
338,Man City,Tottenham,2013,1813,1,0,H,86,64,22,34,83,67,W,5,4,4,11,11,4,4,1,2,0,0,1.3,6,11,18,9,34,W,5
339,Newcastle,Southampton,1500,1693,3,1,H,31,39,43,54,35,36,L,0,6,3,5,11,4,11,0,2,0,0,2.55,3.2,3.1,4,11,34,L,0
340,West Ham,Leicester,1804,1802,2,2,D,42,46,52,45,42,47,L,0,3,5,8,9,6,8,2,0,0,0,3.3,3.5,2.3,7,20,35,L,0
341,Wolves,Brighton,1757,1696,0,0,D,41,32,42,53,48,34,D,3,5,0,0,8,14,1,0,1,0,0,1.75,3.5,6,18,18,35,D,3
342,Arsenal,Crystal Palace,1830,1690,2,3,A,68,40,43,46,66,39,L,0,5,7,15,12,8,3,4,1,0,0,1.53,4.6,6.5,1,18,35,L,0
343,Cardiff,Liverpool,1600,1910,0,2,A,30,77,63,20,31,85,W,5,2,6,6,5,5,10,1,1,0,0,17,7.5,1.2,18,2,35,W,5
344,Everton,Man United,1759,1600,4,0,H,46,63,44,48,46,64,L,0,8,1,11,7,10,2,1,1,0,0,3.25,3.5,2.3,15,3,35,L,0
345,Chelsea,Burnley,1885,1711,2,2,D,57,42,36,60,66,39,L,0,9,3,9,4,10,1,2,1,0,0,1.25,6.25,15,6,18,35,L,0
346,Tottenham,Brighton,1813,1696,1,0,H,64,32,35,53,67,34,L,0,5,1,7,13,6,3,1,2,0,0,1.28,6,13,9,18,35,L,0
347,Watford,Southampton,1600,1693,1,1,D,49,40,49,57,49,36,W,5,4,4,10,14,3,4,5,2,0,0,2.25,3.5,3.4,18,11,35,W,5
348,Man United,Man City,1600,2013,0,2,A,63,87,48,22,64,86,L,0,1,5,10,10,1,1,2,2,0,0,7.5,5,1.44,3,18,35,L,0
349,Wolves,Arsenal,1757,1830,3,1,H,41,68,42,43,48,66,D,3,3,1,12,9,5,5,2,3,0,0,2.9,3.5,2.55,18,1,35,D,3
350,Liverpool,Huddersfield,1910,1600,5,0,H,79,20,20,69,88,14,W,5,7,1,5,14,4,4,0,0,0,0,1.07,15,41,2,18,36,W,5
351,Brighton,Newcastle,1696,1500,1,1,D,32,35,54,44,34,41,L,0,2,1,7,10,7,4,2,3,0,0,2.3,3.2,3.6,18,4,36,L,0
352,Crystal Palace,Everton,1690,1759,0,0,D,43,50,48,44,42,49,W,5,0,3,9,15,5,10,2,0,0,0,2.62,3.5,2.8,18,15,36,W,5
353,Fulham,Cardiff,1631,1600,1,0,H,33,30,76,65,23,31,W,5,2,8,10,8,10,3,0,0,0,0,2.4,3.6,3,13,18,36,W,5
354,Southampton,Bournemouth,1693,1600,3,3,D,41,49,58,62,37,41,D,3,7,5,8,9,9,3,2,1,0,0,1.9,3.9,4.1,11,18,36,D,3
355,Tottenham,West Ham,1813,1804,0,1,A,65,44,35,54,70,43,W,5,4,7,3,8,2,7,0,2,0,0,1.4,5.5,7.5,9,7,36,W,5
356,Watford,Wolves,1600,1757,1,2,A,50,44,50,43,50,51,D,3,1,4,10,11,4,5,3,2,0,0,2.62,3.3,2.9,18,18,36,D,3
357,Burnley,Man City,1711,2013,0,1,A,44,89,62,22,40,89,D,3,0,7,5,7,0,6,1,1,0,0,23,9,1.14,18,18,36,D,3
358,Leicester,Arsenal,1802,1830,3,0,H,48,69,47,46,48,66,D,3,12,1,13,13,8,6,3,1,0,1,2.75,3.6,2.6,20,1,36,D,3
359,Man United,Chelsea,1600,1885,1,1,D,63,59,50,38,64,67,L,0,5,3,9,14,6,6,3,2,0,0,2.7,3.5,2.7,3,6,36,L,0
360,Everton,Burnley,1759,1711,2,0,H,50,44,44,63,50,40,D,3,6,1,8,9,8,1,0,2,0,0,1.66,4,5.75,15,18,37,D,3
361,Bournemouth,Tottenham,1600,1813,1,0,H,52,65,65,36,42,70,D,3,6,5,11,12,10,6,1,5,0,2,4,4,1.9,18,9,37,D,3
362,Cardiff,Crystal Palace,1600,1690,2,3,A,30,43,66,48,31,43,L,0,8,7,14,11,10,5,0,0,0,0,2.6,3.75,2.7,18,18,37,L,0
363,Newcastle,Liverpool,1500,1910,2,3,A,36,84,45,20,42,91,D,3,7,4,10,4,2,3,1,1,0,0,9.5,5.25,1.36,4,2,37,D,3
364,West Ham,Southampton,1804,1693,3,0,H,45,44,54,61,46,38,W,5,6,1,2,11,2,7,1,1,0,0,2.3,3.75,3.1,7,11,37,W,5
365,Wolves,Fulham,1757,1631,1,0,H,46,34,44,76,54,26,W,5,6,2,10,15,7,1,1,3,0,0,1.53,4.2,7.5,18,13,37,W,5
366,Arsenal,Brighton,1830,1696,1,1,D,69,33,49,55,66,35,L,0,8,5,9,14,16,3,5,2,0,0,1.4,5,9,1,18,37,L,0
367,Chelsea,Watford,1885,1600,3,0,H,60,51,39,52,68,50,D,3,9,3,6,12,6,6,0,1,0,0,1.4,5.25,8,6,18,37,D,3
368,Huddersfield,Man United,1600,1600,1,1,D,20,64,74,51,14,65,L,0,3,7,10,10,3,7,1,1,0,0,11,6,1.3,18,3,37,L,0
369,Man City,Leicester,2013,1802,1,0,H,90,51,22,47,92,51,W,5,5,2,12,5,11,0,3,2,0,0,1.12,8.5,17,18,20,37,W,5
370,Brighton,Man City,1696,2013,1,4,A,34,91,56,22,36,95,D,3,2,9,12,8,2,6,0,0,0,0,19,8.5,1.16,18,18,38,D,3
371,Burnley,Arsenal,1711,1830,1,3,A,44,70,65,50,40,67,L,0,5,6,11,3,4,5,5,1,0,0,3.25,3.8,2.2,18,1,38,L,0
372,Crystal Palace,Bournemouth,1690,1600,5,3,H,46,53,50,65,46,45,W,5,8,8,11,8,4,4,3,0,0,0,1.9,4.2,3.8,18,18,38,W,5
373,Fulham,Newcastle,1631,1500,0,4,A,34,38,77,48,26,42,L,0,2,6,6,8,5,5,1,0,0,0,2.5,3.6,2.9,13,4,38,L,0
374,Leicester,Chelsea,1802,1885,0,0,D,51,63,48,39,51,71,L,0,3,4,9,8,4,5,0,1,0,0,2.4,3.75,2.9,20,6,38,L,0
375,Liverpool,Wolves,1910,1757,2,0,H,87,47,22,44,94,57,W,5,5,2,3,11,4,1,0,2,0,0,1.3,6,11,2,18,38,W,5
376,Man United,Cardiff,1600,1600,0,2,A,65,32,52,69,66,31,D,3,10,4,9,6,11,2,3,3,0,0,1.28,6.5,11,3,18,38,D,3
377,Southampton,Huddersfield,1693,1600,1,1,D,44,21,64,75,38,15,L,0,3,3,8,6,4,3,0,1,0,0,1.44,4.75,8.5,11,18,38,L,0
378,Tottenham,Everton,1813,1759,2,2,D,65,52,37,44,70,53,L,0,3,9,10,13,7,4,0,2,0,0,2.2,3.5,3.5,9,15,38,L,0
379,Watford,West Ham,1600,1804,1,4,A,51,48,55,54,50,49,L,0,8,9,10,10,7,2,1,0,1,0,2.25,3.75,3.2,18,7,38,L,0
